b_scale,b_bgr,s_dGwt,b_dGwt
2.845283029257858,0.012235469340017303,-12.591585106666495,-0.002333624002425789
