b_scale,b_bgr,s_dGwt,b_dGwt
2.5738401032596245,0.011865377040225361,-14.793589470269733,-0.22134625008911907
